breadth,ic,cost_bps,alpha_star,excess_net,se,t,turnover
10,0.0,0.0,0.5,0.0010904740517755428,0.004941498709852167,0.2206767856888029,0.20069769147675204
10,0.0,10.0,0.0,0.0,0.0,0.0,3.4808491448009196e-17
10,0.0,25.0,0.0,0.0,0.0,0.0,3.4808491448009196e-17
10,0.0,50.0,0.0,0.0,0.0,0.0,3.4808491448009196e-17
10,0.02,0.0,1.0,0.029942940641633366,0.0075687796206781914,3.9561121002688626,0.4784113088820174
10,0.02,10.0,0.0,0.0,0.0,0.0,3.4808491448009196e-17
10,0.02,25.0,0.0,0.0,0.0,0.0,3.4808491448009196e-17
10,0.02,50.0,0.0,0.0,0.0,0.0,3.4808491448009196e-17
10,0.05,0.0,1.0,0.07848505461005996,0.007535952408897154,10.414749238251336,0.4785898239512588
10,0.05,10.0,0.5,0.009684298011832737,0.004929089718918986,1.9647234203634318,0.20083022253167687
10,0.05,25.0,0.0,0.0,0.0,0.0,3.4808491448009196e-17
10,0.05,50.0,0.0,0.0,0.0,0.0,3.4808491448009196e-17
10,0.1,0.0,1.0,0.15974920426404174,0.007499243104210439,21.30204369216285,0.4788640148978339
10,0.1,10.0,1.0,0.0833379054930894,0.007500797959921328,11.11053863047439,0.4788640148978339
10,0.1,25.0,0.35,0.003908824135570051,0.0042247799808019385,0.9252136568844672,0.13541392111312325
10,0.1,50.0,0.0,0.0,0.0,0.0,3.4808491448009196e-17
10,0.2,0.0,1.0,0.32488628985371515,0.007486320466361963,43.397326004612815,0.4793053053676897
10,0.2,10.0,1.0,0.2483388045072767,0.007402408345369326,33.54837951659723,0.4793053053676897
10,0.2,25.0,1.0,0.13348702786626077,0.007349328641420005,18.163159436624266,0.4793053053676897
10,0.2,50.0,0.35,0.007659829479415811,0.004194696688437607,1.8260746958247551,0.1355631334448385
25,0.0,0.0,0.5,0.004005829196397975,0.003156939142369766,1.2688965531945564,0.19886961394104755
25,0.0,10.0,0.025,0.0003801619526762719,0.0015641586471107016,0.24304564845676194,0.008951562506555221
25,0.0,25.0,0.0,0.0,0.0,0.0,3.6669976227985774e-17
25,0.0,50.0,0.0,0.0,0.0,0.0,3.6669976227985774e-17
25,0.02,0.0,1.0,0.040735708425073174,0.004782074460102447,8.518417846676625,0.47558778208740654
25,0.02,10.0,0.05,0.0014931502372502723,0.0017785093863386188,0.8395515079761207,0.017930243693977464
25,0.02,25.0,0.0,0.0,0.0,0.0,3.6669976227985774e-17
25,0.02,50.0,0.0,0.0,0.0,0.0,3.6669976227985774e-17
25,0.05,0.0,1.0,0.09688214300114115,0.004709003718588582,20.573808981866634,0.47567201295663847
25,0.05,10.0,0.75,0.021322547423089554,0.003829091886323798,5.5685650948326355,0.32277264534670513
25,0.05,25.0,0.025,0.0004656703583654878,0.001559478200364222,0.2986065199607976,0.008956503489959376
25,0.05,50.0,0.0,0.0,0.0,0.0,3.6669976227985774e-17
25,0.1,0.0,1.0,0.19056413790789906,0.004649524527077773,40.98572591629463,0.4758241632518752
25,0.1,10.0,1.0,0.11268537449047762,0.004626870954690594,24.35455312974318,0.4758241632518752
25,0.1,25.0,0.5,0.016122563983277376,0.00307197940521221,5.2482656478498235,0.19907866994673523
25,0.1,50.0,0.0,0.0,0.0,0.0,3.6669976227985774e-17
25,0.2,0.0,1.0,0.37899831859796074,0.004800173112809012,78.9551355109722,0.4762144763289635
25,0.2,10.0,1.0,0.30101010561036523,0.004615104404245923,65.22281605014919,0.4762144763289635
25,0.2,25.0,1.0,0.18402236744799028,0.004461798728928919,41.24398670313081,0.4762144763289635
25,0.2,50.0,0.5,0.028447591980161623,0.0029958632592602475,9.495624305358328,0.19929882103101854
50,0.0,0.0,0.0,0.0,0.0,0.0,4.4958204910641735e-17
50,0.0,10.0,0.0,0.0,0.0,0.0,4.4958204910641735e-17
50,0.0,25.0,0.0,0.0,0.0,0.0,4.4958204910641735e-17
50,0.0,50.0,0.0,0.0,0.0,0.0,4.4958204910641735e-17
50,0.02,0.0,1.0,0.035255181647120784,0.003887574529211139,9.068683155066024,0.4748073700011912
50,0.02,10.0,0.0,0.0,0.0,0.0,4.4958204910641735e-17
50,0.02,25.0,0.0,0.0,0.0,0.0,4.4958204910641735e-17
50,0.02,50.0,0.0,0.0,0.0,0.0,4.4958204910641735e-17
50,0.05,0.0,1.0,0.09389272033678567,0.003989142017116018,23.53707136369794,0.47490185846720284
50,0.05,10.0,0.75,0.017710010138145924,0.003237542531717651,5.4702015385570935,0.321945737510152
50,0.05,25.0,0.0,0.0,0.0,0.0,4.4958204910641735e-17
50,0.05,50.0,0.0,0.0,0.0,0.0,4.4958204910641735e-17
50,0.1,0.0,1.0,0.19174983061587408,0.004243673103842868,45.18487308606183,0.47505924603993127
50,0.1,10.0,1.0,0.113187267595972,0.004020172412212225,28.15482919392683,0.47505924603993127
50,0.1,25.0,0.5,0.014377342406854501,0.002520069324155393,5.70513765992255,0.19841329444719116
50,0.1,50.0,0.0,0.0,0.0,0.0,4.4958204910641735e-17
50,0.2,0.0,1.0,0.3881421642725998,0.004997388564384174,77.66899837223892,0.4753577149768999
50,0.2,10.0,1.0,0.30950970435959124,0.004618658691394621,67.01289812478733,0.4753577149768999
50,0.2,25.0,1.0,0.19155467746653204,0.004159363015088284,46.053849296552976,0.4753577149768999
50,0.2,50.0,0.5,0.03031388043635571,0.002484114001657395,12.203095516602845,0.198631467161117
100,0.0,0.0,0.0,0.0,0.0,0.0,5.735326719117385e-17
100,0.0,10.0,0.0,0.0,0.0,0.0,5.735326719117385e-17
100,0.0,25.0,0.0,0.0,0.0,0.0,5.735326719117385e-17
100,0.0,50.0,0.0,0.0,0.0,0.0,5.735326719117385e-17
100,0.02,0.0,1.0,0.037171893993245025,0.002833036176145957,13.120868101237386,0.473794775926866
100,0.02,10.0,0.0,0.0,0.0,0.0,5.735326719117385e-17
100,0.02,25.0,0.0,0.0,0.0,0.0,5.735326719117385e-17
100,0.02,50.0,0.0,0.0,0.0,0.0,5.735326719117385e-17
100,0.05,0.0,1.0,0.0970146876068617,0.0029418779516753877,32.97712862344008,0.47390208257896094
100,0.05,10.0,0.75,0.019261977575730414,0.0021586954995851328,8.922971108909183,0.3213130510085362
100,0.05,25.0,0.0,0.0,0.0,0.0,5.735326719117385e-17
100,0.05,50.0,0.0,0.0,0.0,0.0,5.735326719117385e-17
100,0.1,0.0,1.0,0.1968351890929848,0.0032477466431889033,60.60669464651218,0.47407080424836645
100,0.1,10.0,1.0,0.11819847928447633,0.00297793399303166,39.691436936164386,0.47407080424836645
100,0.1,25.0,0.5,0.016039663258722855,0.001624216207652858,9.875325208028583,0.1980923503695188
100,0.1,50.0,0.0,0.0,0.0,0.0,5.735326719117385e-17
100,0.2,0.0,1.0,0.3969025790060915,0.0041658078595931194,95.2762567030294,0.4744627196784973
100,0.2,10.0,1.0,0.3181786862037258,0.00373226231031918,85.25089067936263,0.4744627196784973
100,0.2,25.0,1.0,0.20009687627575617,0.003181496542171559,62.89394743116026,0.4744627196784973
100,0.2,50.0,0.5,0.033794289519471735,0.0015932858577252416,21.21043713255596,0.19833616880846766
